Rebar_tag,Bar_mark,Rebar_Type,Shape_Code,Dia,Pos_x,Pos_y,Pos_z,Group,Pos_Rotation,Plane,Length of Bar,H,bent_up_down,hook_start,Long_length,Crank_step,Length of Lap,bond_condition,DC_Lap_Start,DC_Lap_Mid,DC_Tail_Length,c_length_a,c_length_b,length,double_hook,qty_x,spacing_x,qty_y,spacing_y,qty_z,spacing_z,offset_x,offset_y,offset_z,plan_rotation,feature,polyline,legs,qty,Total Length,Weight_kg,Visible
1,PB1,profile,,25,99291.69,6600.0,-7240.5,P103_Subway Stair Roof Slab_Staircase 6:CONCRETE STAIRCASE 6 ROOF SLAB:3579515,0.0,XZ,7519.9,,,,,,,poor,,,,,,,,1,0,50,-150.0,1,0,0.0,0.0,0.0,,EXT tick=0.0 TXT=0.0 n=1x1 zsrc=section-Y,,"[[5182.9, 0.0], [1486.6, 90.0], [850.4, 29.5]]",1,,,1
2,PB2,profile,,20,99285.34,6600.0,-6283.0,P103_Subway Stair Roof Slab_Staircase 6:CONCRETE STAIRCASE 6 ROOF SLAB:3579515,0.0,XZ,6310.5,,,,,,,poor,,,,,,,,1,0,50,-150.0,1,0,0.0,0.0,0.0,,EXT tick=0.0 TXT=0.0 n=1x1 zsrc=section-Y,,"[[5228.8, 0.0], [1081.7, 29.7]]",1,,,1
3,PB3,profile,,20,103936.64,6600.0,-7189.6,P103_Subway Stair Roof Slab_Staircase 6:CONCRETE STAIRCASE 6 ROOF SLAB:3579515,0.0,XZ,11958.8,,,,,,,poor,,,,,,,,1,0,50,-150.0,1,0,0.0,0.0,0.0,,EXT tick=0.0 TXT=0.0 n=1x1 zsrc=section-Y,,"[[1203.8, 90.0], [10755.0, 30.0]]",1,,,1
4,PB4,profile,,20,116278.54,6600.0,301.2,P103_Subway Stair Roof Slab_Staircase 6:CONCRETE STAIRCASE 6 ROOF SLAB:3579515,0.0,XZ,4598.0,,,,,,,poor,,,,,,,,1,0,50,-150.0,1,0,0.0,0.0,0.0,,EXT tick=0.0 TXT=0.0 n=1x1 zsrc=section-Y,,"[[1550.5, 180.0], [3047.5, 209.7]]",1,,,1
5,PB5,straight,,25,102881.06,6600.0,-7267.6,P103_Subway Stair Roof Slab_Staircase 6:CONCRETE STAIRCASE 6 ROOF SLAB:3579515,30.0,XZ,12000.0,,,,,,,poor,,,,,,,,1,0,50,-150.0,1,0,0.0,0.0,0.0,,EXT tick=0.0 TXT=0.0 n=1x1 zsrc=section-Y,,,1,,,1
6,PB6,straight,,25,111679.87,6600.0,-2187.6,P103_Subway Stair Roof Slab_Staircase 6:CONCRETE STAIRCASE 6 ROOF SLAB:3579515,30.0,XZ,5599.1,,,,,,,poor,,,,,,,,1,0,50,-150.0,1,0,0.0,0.0,0.0,,EXT tick=0.0 TXT=0.0 n=1x1 zsrc=section-Y,,,1,,,1
7,PB7,profile,,25,113605.38,6600.0,-348.1,P103_Subway Stair Roof Slab_Staircase 6:CONCRETE STAIRCASE 6 ROOF SLAB:3579515,0.0,XZ,8922.5,,,,,,,poor,,,,,,,,1,0,50,-150.0,1,0,0.0,0.0,0.0,,EXT tick=0.0 TXT=0.0 n=1x1 zsrc=section-Y,,"[[1503.6, 0.0], [7418.9, 30.3]]",1,,,1
8,PB8,profile,,25,119445.16,6600.0,2819.2,P103_Subway Stair Roof Slab_Staircase 6:CONCRETE STAIRCASE 6 ROOF SLAB:3579515,0.0,XZ,8426.5,,,,,,,poor,,,,,,,,1,0,50,-150.0,1,0,0.0,0.0,0.0,,EXT tick=0.0 TXT=0.0 n=1x1 zsrc=section-Y,,"[[2285.0, 0.0], [4301.5, 30.1], [1840.0, 0.0]]",1,,,1
9,PB9,straight,,25,128880.01,6600.0,4473.1,P103_Subway Stair Roof Slab_Staircase 6:CONCRETE STAIRCASE 6 ROOF SLAB:3579515,180.0,XZ,5529.0,,,,,,,poor,,,,,,,,1,0,50,-150.0,1,0,0.0,0.0,0.0,,EXT tick=0.0 TXT=0.0 n=1x1 zsrc=section-Y,,,1,,,1
10,PB10,profile,,20,114167.19,6600.0,-246.2,P103_Subway Stair Roof Slab_Staircase 6:CONCRETE STAIRCASE 6 ROOF SLAB:3579515,0.0,XZ,8668.0,,,,,,,poor,,,,,,,,1,0,50,-150.0,1,0,0.0,0.0,0.0,,EXT tick=0.0 TXT=0.0 n=1x1 zsrc=section-Y,,"[[7248.0, 29.8], [1420.0, 0.0]]",1,,,1
11,PB11,profile,,20,120481.92,6600.0,2736.5,P103_Subway Stair Roof Slab_Staircase 6:CONCRETE STAIRCASE 6 ROOF SLAB:3579515,0.0,XZ,8998.1,,,,,,,poor,,,,,,,,1,0,50,-150.0,1,0,0.0,0.0,0.0,,EXT tick=0.0 TXT=0.0 n=1x1 zsrc=section-Y,,"[[4542.9, 29.8], [4455.2, 0.0]]",1,,,1
