Rebar_Type,Rebar_tag,Bar_mark,Dia,Pos_x,Pos_y,Pos_z,Group,Concrete_element,Pos_Rotation,plan_rotation,Length of Bar,H,bent_up_down,bond_condition,lapping_bar,staggered,couplera,transition_couplera,rotation_xy_Plan,Length of Lap,Crank_step,Long_length,DC_Lap_Start,DC_Lap_Mid,DC_Tail_Length,qty_x,spacing_x,qty_y,spacing_y,length,c_length_a,c_length_b,feature,double_hook,Plane,Total Length,
straight,,,40,248048.007,48500,1639,GL23 Roof Starter,Floor:RC SLAB_1200 THK:3021005,270,,4580,,,,,,,,,,,,,,,,,,,,,,,,,,CP1T1-1
straight,,,40,248124.012,48500,1639,GL23 Roof Starter,Floor:RC SLAB_1200 THK:3021005,270,,4580,,,,,,,,,,,,,,,,,,,,,,,,,,CP1T1-2
straight,,,40,248234.817,48500,1639,GL23 Roof Starter,Floor:RC SLAB_1200 THK:3021005,270,,4580,,,,,,,,,,,,,,,,,,,,,,,,,,CP1T1-3
straight,,,40,248421.603,48500,1639,GL23 Roof Starter,Floor:RC SLAB_1200 THK:3021005,270,,4580,,,,,,,,,,,,,,,,,,,,,,,,,,CP1T1-4
straight,,,40,248548.92,48500,1639,GL23 Roof Starter,Floor:RC SLAB_1200 THK:3021005,270,,4580,,,,,,,,,,,,,,,,,,,,,,,,,,CP1T1-5
straight,,,40,248753.384,48500,1639,GL23 Roof Starter,Floor:RC SLAB_1200 THK:3021005,270,,4580,,,,,,,,,,,,,,,,,,,,,,,,,,CP1T1-6
straight,,,40,248887.874,48500,1639,GL23 Roof Starter,Floor:RC SLAB_1200 THK:3021005,270,,4580,,,,,,,,,,,,,,,,,,,,,,,,,,CP1T1-7
straight,,,40,249037.05,48500,1639,GL23 Roof Starter,Floor:RC SLAB_1200 THK:3021005,270,,4580,,,,,,,,,,,,,,,,,,,,,,,,,,CP1T1-8
straight,,,40,249213.329,48500,1639,GL23 Roof Starter,Floor:RC SLAB_1200 THK:3021005,270,,4580,,,,,,,,,,,,,,,,,,,,,,,,,,CP1T1-9
straight,,,40,248048.007,48500,1559,GL23 Roof Starter,Floor:RC SLAB_1200 THK:3021005,270,,4580,,,,,,,,,,,,,,,,,,,,,,,,,,CP1T3-1
straight,,,40,248124.012,48500,1559,GL23 Roof Starter,Floor:RC SLAB_1200 THK:3021005,270,,4580,,,,,,,,,,,,,,,,,,,,,,,,,,CP1T3-2
straight,,,40,248234.817,48500,1559,GL23 Roof Starter,Floor:RC SLAB_1200 THK:3021005,270,,4580,,,,,,,,,,,,,,,,,,,,,,,,,,CP1T3-3
straight,,,40,248421.603,48500,1559,GL23 Roof Starter,Floor:RC SLAB_1200 THK:3021005,270,,4580,,,,,,,,,,,,,,,,,,,,,,,,,,CP1T3-4
straight,,,40,248548.92,48500,1559,GL23 Roof Starter,Floor:RC SLAB_1200 THK:3021005,270,,4580,,,,,,,,,,,,,,,,,,,,,,,,,,CP1T3-5
straight,,,40,248753.384,48500,1559,GL23 Roof Starter,Floor:RC SLAB_1200 THK:3021005,270,,4580,,,,,,,,,,,,,,,,,,,,,,,,,,CP1T3-6
straight,,,40,248887.874,48500,1559,GL23 Roof Starter,Floor:RC SLAB_1200 THK:3021005,270,,4580,,,,,,,,,,,,,,,,,,,,,,,,,,CP1T3-7
straight,,,40,249037.05,48500,1559,GL23 Roof Starter,Floor:RC SLAB_1200 THK:3021005,270,,4580,,,,,,,,,,,,,,,,,,,,,,,,,,CP1T3-8
straight,,,40,249213.329,48500,1559,GL23 Roof Starter,Floor:RC SLAB_1200 THK:3021005,270,,4580,,,,,,,,,,,,,,,,,,,,,,,,,,CP1T3-9
straight,,,40,248048.007,48500,1479,GL23 Roof Starter,Floor:RC SLAB_1200 THK:3021005,270,,1980,,,,,,,,,,,,,,,,,,,,,,,,,,CP1T5-1
straight,,,40,248124.012,48500,1479,GL23 Roof Starter,Floor:RC SLAB_1200 THK:3021005,270,,1980,,,,,,,,,,,,,,,,,,,,,,,,,,CP1T5-2
straight,,,40,248234.817,48500,1479,GL23 Roof Starter,Floor:RC SLAB_1200 THK:3021005,270,,1980,,,,,,,,,,,,,,,,,,,,,,,,,,CP1T5-3
straight,,,40,248421.603,48500,1479,GL23 Roof Starter,Floor:RC SLAB_1200 THK:3021005,270,,1980,,,,,,,,,,,,,,,,,,,,,,,,,,CP1T5-4
straight,,,40,248548.92,48500,1479,GL23 Roof Starter,Floor:RC SLAB_1200 THK:3021005,270,,1980,,,,,,,,,,,,,,,,,,,,,,,,,,CP1T5-5
straight,,,40,248753.384,48500,1479,GL23 Roof Starter,Floor:RC SLAB_1200 THK:3021005,270,,1980,,,,,,,,,,,,,,,,,,,,,,,,,,CP1T5-6
straight,,,40,248887.874,48500,1479,GL23 Roof Starter,Floor:RC SLAB_1200 THK:3021005,270,,1980,,,,,,,,,,,,,,,,,,,,,,,,,,CP1T5-7
straight,,,40,249037.05,48500,1479,GL23 Roof Starter,Floor:RC SLAB_1200 THK:3021005,270,,1980,,,,,,,,,,,,,,,,,,,,,,,,,,CP1T5-8
straight,,,40,249213.329,48500,1479,GL23 Roof Starter,Floor:RC SLAB_1200 THK:3021005,270,,1980,,,,,,,,,,,,,,,,,,,,,,,,,,CP1T5-9
straight,,,40,248048.007,48500,696,GL23 Roof Starter,Floor:RC SLAB_1200 THK:3021005,270,,2880,,,,,,,,,,,,,,,,,,,,,,,,,,CP1B3-1
straight,,,40,248234.817,48500,696,GL23 Roof Starter,Floor:RC SLAB_1200 THK:3021005,270,,2880,,,,,,,,,,,,,,,,,,,,,,,,,,CP1B3-3
straight,,,40,248548.92,48500,696,GL23 Roof Starter,Floor:RC SLAB_1200 THK:3021005,270,,2880,,,,,,,,,,,,,,,,,,,,,,,,,,CP1B3-5
straight,,,40,249037.05,48500,696,GL23 Roof Starter,Floor:RC SLAB_1200 THK:3021005,270,,2880,,,,,,,,,,,,,,,,,,,,,,,,,,CP1B3-8
straight,,,40,249213.329,48500,696,GL23 Roof Starter,Floor:RC SLAB_1200 THK:3021005,270,,2880,,,,,,,,,,,,,,,,,,,,,,,,,,CP1B3-9
straight,,,40,248048.007,48500,616,GL23 Roof Starter,Floor:RC SLAB_1200 THK:3021005,270,,2880,,,,,,,,,,,,,,,,,,,,,,,,,,CP1B3-1
straight,,,40,248124.012,48500,616,GL23 Roof Starter,Floor:RC SLAB_1200 THK:3021005,270,,2880,,,,,,,,,,,,,,,,,,,,,,,,,,CP1B3-2
straight,,,40,248234.817,48500,616,GL23 Roof Starter,Floor:RC SLAB_1200 THK:3021005,270,,2880,,,,,,,,,,,,,,,,,,,,,,,,,,CP1B3-3
straight,,,40,248421.603,48500,616,GL23 Roof Starter,Floor:RC SLAB_1200 THK:3021005,270,,2880,,,,,,,,,,,,,,,,,,,,,,,,,,CP1B3-4
straight,,,40,248548.92,48500,616,GL23 Roof Starter,Floor:RC SLAB_1200 THK:3021005,270,,2880,,,,,,,,,,,,,,,,,,,,,,,,,,CP1B3-5
straight,,,40,248753.384,48500,616,GL23 Roof Starter,Floor:RC SLAB_1200 THK:3021005,270,,2880,,,,,,,,,,,,,,,,,,,,,,,,,,CP1B3-6
straight,,,40,248887.874,48500,616,GL23 Roof Starter,Floor:RC SLAB_1200 THK:3021005,270,,2880,,,,,,,,,,,,,,,,,,,,,,,,,,CP1B3-7
straight,,,40,249037.05,48500,616,GL23 Roof Starter,Floor:RC SLAB_1200 THK:3021005,270,,2880,,,,,,,,,,,,,,,,,,,,,,,,,,CP1B3-8
straight,,,40,249213.329,48500,616,GL23 Roof Starter,Floor:RC SLAB_1200 THK:3021005,270,,2880,,,,,,,,,,,,,,,,,,,,,,,,,,CP1B3-9
