Rebar_Type,Rebar_tag,Bar_mark,Dia,Pos_x,Pos_y,Pos_z,Group,Concrete_element,Pos_Rotation,plan_rotation,Length of Bar,H,bent_up_down,bond_condition,lapping_bar,staggered,couplera,transition_couplera,rotation_xy_Plan,Length of Lap,Crank_step,Long_length,DC_Lap_Start,DC_Lap_Mid,DC_Tail_Length,qty_x,spacing_x,qty_y,spacing_y,length,c_length_a,c_length_b,feature,double_hook,Plane,Total Length
straight,,,40,248048.007,48500,1639,GL23 Roof Starter,Floor:RC SLAB_1200 THK:3021005,270,,1680,,,,,,,,,,,,,,,,,,,,,,,,,
straight,,,40,248124.012,48500,1639,GL23 Roof Starter,Floor:RC SLAB_1200 THK:3021005,270,,1680,,,,,,,,,,,,,,,,,,,,,,,,,
straight,,,40,248234.817,48500,1639,GL23 Roof Starter,Floor:RC SLAB_1200 THK:3021005,270,,1680,,,,,,,,,,,,,,,,,,,,,,,,,
straight,,,40,248421.603,48500,1639,GL23 Roof Starter,Floor:RC SLAB_1200 THK:3021005,270,,1680,,,,,,,,,,,,,,,,,,,,,,,,,
straight,,,40,248548.92,48500,1639,GL23 Roof Starter,Floor:RC SLAB_1200 THK:3021005,270,,1680,,,,,,,,,,,,,,,,,,,,,,,,,
straight,,,40,248753.384,48500,1639,GL23 Roof Starter,Floor:RC SLAB_1200 THK:3021005,270,,1680,,,,,,,,,,,,,,,,,,,,,,,,,
straight,,,40,248887.874,48500,1639,GL23 Roof Starter,Floor:RC SLAB_1200 THK:3021005,270,,1680,,,,,,,,,,,,,,,,,,,,,,,,,
straight,,,40,249037.05,48500,1639,GL23 Roof Starter,Floor:RC SLAB_1200 THK:3021005,270,,1680,,,,,,,,,,,,,,,,,,,,,,,,,
straight,,,40,249213.329,48500,1639,GL23 Roof Starter,Floor:RC SLAB_1200 THK:3021005,270,,1680,,,,,,,,,,,,,,,,,,,,,,,,,
straight,,,40,248048.007,48500,1559,GL23 Roof Starter,Floor:RC SLAB_1200 THK:3021005,270,,1680,,,,,,,,,,,,,,,,,,,,,,,,,
straight,,,40,248124.012,48500,1559,GL23 Roof Starter,Floor:RC SLAB_1200 THK:3021005,270,,1680,,,,,,,,,,,,,,,,,,,,,,,,,
straight,,,40,248234.817,48500,1559,GL23 Roof Starter,Floor:RC SLAB_1200 THK:3021005,270,,1680,,,,,,,,,,,,,,,,,,,,,,,,,
straight,,,40,248421.603,48500,1559,GL23 Roof Starter,Floor:RC SLAB_1200 THK:3021005,270,,1680,,,,,,,,,,,,,,,,,,,,,,,,,
straight,,,40,248548.92,48500,1559,GL23 Roof Starter,Floor:RC SLAB_1200 THK:3021005,270,,1680,,,,,,,,,,,,,,,,,,,,,,,,,
straight,,,40,248753.384,48500,1559,GL23 Roof Starter,Floor:RC SLAB_1200 THK:3021005,270,,1680,,,,,,,,,,,,,,,,,,,,,,,,,
straight,,,40,248887.874,48500,1559,GL23 Roof Starter,Floor:RC SLAB_1200 THK:3021005,270,,1680,,,,,,,,,,,,,,,,,,,,,,,,,
straight,,,40,249037.05,48500,1559,GL23 Roof Starter,Floor:RC SLAB_1200 THK:3021005,270,,1680,,,,,,,,,,,,,,,,,,,,,,,,,
straight,,,40,249213.329,48500,1559,GL23 Roof Starter,Floor:RC SLAB_1200 THK:3021005,270,,1680,,,,,,,,,,,,,,,,,,,,,,,,,
straight,,,40,248048.007,48500,1479,GL23 Roof Starter,Floor:RC SLAB_1200 THK:3021005,270,,1680,,,,,,,,,,,,,,,,,,,,,,,,,
straight,,,40,248124.012,48500,1479,GL23 Roof Starter,Floor:RC SLAB_1200 THK:3021005,270,,1680,,,,,,,,,,,,,,,,,,,,,,,,,
straight,,,40,248234.817,48500,1479,GL23 Roof Starter,Floor:RC SLAB_1200 THK:3021005,270,,1680,,,,,,,,,,,,,,,,,,,,,,,,,
straight,,,40,248421.603,48500,1479,GL23 Roof Starter,Floor:RC SLAB_1200 THK:3021005,270,,1680,,,,,,,,,,,,,,,,,,,,,,,,,
straight,,,40,248548.92,48500,1479,GL23 Roof Starter,Floor:RC SLAB_1200 THK:3021005,270,,1680,,,,,,,,,,,,,,,,,,,,,,,,,
straight,,,40,248753.384,48500,1479,GL23 Roof Starter,Floor:RC SLAB_1200 THK:3021005,270,,1680,,,,,,,,,,,,,,,,,,,,,,,,,
straight,,,40,248887.874,48500,1479,GL23 Roof Starter,Floor:RC SLAB_1200 THK:3021005,270,,1680,,,,,,,,,,,,,,,,,,,,,,,,,
straight,,,40,249037.05,48500,1479,GL23 Roof Starter,Floor:RC SLAB_1200 THK:3021005,270,,1680,,,,,,,,,,,,,,,,,,,,,,,,,
straight,,,40,249213.329,48500,1479,GL23 Roof Starter,Floor:RC SLAB_1200 THK:3021005,270,,1680,,,,,,,,,,,,,,,,,,,,,,,,,
straight,,,40,248048.007,48500,696,GL23 Roof Starter,Floor:RC SLAB_1200 THK:3021005,270,,1680,,,,,,,,,,,,,,,,,,,,,,,,,
straight,,,40,248234.817,48500,696,GL23 Roof Starter,Floor:RC SLAB_1200 THK:3021005,270,,1680,,,,,,,,,,,,,,,,,,,,,,,,,
straight,,,40,248548.92,48500,696,GL23 Roof Starter,Floor:RC SLAB_1200 THK:3021005,270,,1680,,,,,,,,,,,,,,,,,,,,,,,,,
straight,,,40,249037.05,48500,696,GL23 Roof Starter,Floor:RC SLAB_1200 THK:3021005,270,,1680,,,,,,,,,,,,,,,,,,,,,,,,,
straight,,,40,249213.329,48500,696,GL23 Roof Starter,Floor:RC SLAB_1200 THK:3021005,270,,1680,,,,,,,,,,,,,,,,,,,,,,,,,
straight,,,40,248048.007,48500,616,GL23 Roof Starter,Floor:RC SLAB_1200 THK:3021005,270,,1680,,,,,,,,,,,,,,,,,,,,,,,,,
straight,,,40,248124.012,48500,616,GL23 Roof Starter,Floor:RC SLAB_1200 THK:3021005,270,,1680,,,,,,,,,,,,,,,,,,,,,,,,,
straight,,,40,248234.817,48500,616,GL23 Roof Starter,Floor:RC SLAB_1200 THK:3021005,270,,1680,,,,,,,,,,,,,,,,,,,,,,,,,
straight,,,40,248421.603,48500,616,GL23 Roof Starter,Floor:RC SLAB_1200 THK:3021005,270,,1680,,,,,,,,,,,,,,,,,,,,,,,,,
straight,,,40,248548.92,48500,616,GL23 Roof Starter,Floor:RC SLAB_1200 THK:3021005,270,,1680,,,,,,,,,,,,,,,,,,,,,,,,,
straight,,,40,248753.384,48500,616,GL23 Roof Starter,Floor:RC SLAB_1200 THK:3021005,270,,1680,,,,,,,,,,,,,,,,,,,,,,,,,
straight,,,40,248887.874,48500,616,GL23 Roof Starter,Floor:RC SLAB_1200 THK:3021005,270,,1680,,,,,,,,,,,,,,,,,,,,,,,,,
straight,,,40,249037.05,48500,616,GL23 Roof Starter,Floor:RC SLAB_1200 THK:3021005,270,,1680,,,,,,,,,,,,,,,,,,,,,,,,,
straight,,,40,249213.329,48500,616,GL23 Roof Starter,Floor:RC SLAB_1200 THK:3021005,270,,1680,,,,,,,,,,,,,,,,,,,,,,,,,
straight,,,40,249750,48121.605,1599,GL23 Roof Starter,Floor:RC SLAB_1200 THK:3021005,180,,4580,,,,,,,,,,,,,,,,,,,,,,,,,
straight,,,40,249750,47982.486,1599,GL23 Roof Starter,Floor:RC SLAB_1200 THK:3021005,180,,4580,,,,,,,,,,,,,,,,,,,,,,,,,
straight,,,40,249750,47828.159,1599,GL23 Roof Starter,Floor:RC SLAB_1200 THK:3021005,180,,4580,,,,,,,,,,,,,,,,,,,,,,,,,
straight,,,40,249750,47703.035,1599,GL23 Roof Starter,Floor:RC SLAB_1200 THK:3021005,180,,4580,,,,,,,,,,,,,,,,,,,,,,,,,
straight,,,40,249750,47543.533,1599,GL23 Roof Starter,Floor:RC SLAB_1200 THK:3021005,180,,4580,,,,,,,,,,,,,,,,,,,,,,,,,
straight,,,40,249750,47411.227,1599,GL23 Roof Starter,Floor:RC SLAB_1200 THK:3021005,180,,4580,,,,,,,,,,,,,,,,,,,,,,,,,
straight,,,40,249750,47291.763,1599,GL23 Roof Starter,Floor:RC SLAB_1200 THK:3021005,180,,4580,,,,,,,,,,,,,,,,,,,,,,,,,
straight,,,40,249750,47129.724,1599,GL23 Roof Starter,Floor:RC SLAB_1200 THK:3021005,180,,4580,,,,,,,,,,,,,,,,,,,,,,,,,
straight,,,40,249750,46973.672,1599,GL23 Roof Starter,Floor:RC SLAB_1200 THK:3021005,180,,4580,,,,,,,,,,,,,,,,,,,,,,,,,
straight,,,40,249750,46295.551,1599,GL23 Roof Starter,Floor:RC SLAB_1200 THK:3021005,180,,4580,,,,,,,,,,,,,,,,,,,,,,,,,
straight,,,40,249750,46157.736,1599,GL23 Roof Starter,Floor:RC SLAB_1200 THK:3021005,180,,4580,,,,,,,,,,,,,,,,,,,,,,,,,
straight,,,40,249750,46021.585,1599,GL23 Roof Starter,Floor:RC SLAB_1200 THK:3021005,180,,4580,,,,,,,,,,,,,,,,,,,,,,,,,
straight,,,40,249750,45877.092,1599,GL23 Roof Starter,Floor:RC SLAB_1200 THK:3021005,180,,4580,,,,,,,,,,,,,,,,,,,,,,,,,
straight,,,40,249750,45737.764,1599,GL23 Roof Starter,Floor:RC SLAB_1200 THK:3021005,180,,4580,,,,,,,,,,,,,,,,,,,,,,,,,
straight,,,40,249750,45598.567,1599,GL23 Roof Starter,Floor:RC SLAB_1200 THK:3021005,180,,4580,,,,,,,,,,,,,,,,,,,,,,,,,
straight,,,40,249750,45460.79,1599,GL23 Roof Starter,Floor:RC SLAB_1200 THK:3021005,180,,4580,,,,,,,,,,,,,,,,,,,,,,,,,
straight,,,40,249750,45314.963,1599,GL23 Roof Starter,Floor:RC SLAB_1200 THK:3021005,180,,4580,,,,,,,,,,,,,,,,,,,,,,,,,
straight,,,40,249750,45173.702,1599,GL23 Roof Starter,Floor:RC SLAB_1200 THK:3021005,180,,4580,,,,,,,,,,,,,,,,,,,,,,,,,
straight,,,40,249750,48121.605,1519,GL23 Roof Starter,Floor:RC SLAB_1200 THK:3021005,180,,4580,,,,,,,,,,,,,,,,,,,,,,,,,
straight,,,40,249750,47982.486,1519,GL23 Roof Starter,Floor:RC SLAB_1200 THK:3021005,180,,4580,,,,,,,,,,,,,,,,,,,,,,,,,
straight,,,40,249750,47828.159,1519,GL23 Roof Starter,Floor:RC SLAB_1200 THK:3021005,180,,4580,,,,,,,,,,,,,,,,,,,,,,,,,
straight,,,40,249750,47703.035,1519,GL23 Roof Starter,Floor:RC SLAB_1200 THK:3021005,180,,4580,,,,,,,,,,,,,,,,,,,,,,,,,
straight,,,40,249750,47543.533,1519,GL23 Roof Starter,Floor:RC SLAB_1200 THK:3021005,180,,4580,,,,,,,,,,,,,,,,,,,,,,,,,
straight,,,40,249750,47411.227,1519,GL23 Roof Starter,Floor:RC SLAB_1200 THK:3021005,180,,4580,,,,,,,,,,,,,,,,,,,,,,,,,
straight,,,40,249750,47291.763,1519,GL23 Roof Starter,Floor:RC SLAB_1200 THK:3021005,180,,4580,,,,,,,,,,,,,,,,,,,,,,,,,
straight,,,40,249750,47129.724,1519,GL23 Roof Starter,Floor:RC SLAB_1200 THK:3021005,180,,4580,,,,,,,,,,,,,,,,,,,,,,,,,
straight,,,40,249750,46973.672,1519,GL23 Roof Starter,Floor:RC SLAB_1200 THK:3021005,180,,4580,,,,,,,,,,,,,,,,,,,,,,,,,
straight,,,40,249750,46295.551,1519,GL23 Roof Starter,Floor:RC SLAB_1200 THK:3021005,180,,4580,,,,,,,,,,,,,,,,,,,,,,,,,
straight,,,40,249750,46157.736,1519,GL23 Roof Starter,Floor:RC SLAB_1200 THK:3021005,180,,4580,,,,,,,,,,,,,,,,,,,,,,,,,
straight,,,40,249750,46021.585,1519,GL23 Roof Starter,Floor:RC SLAB_1200 THK:3021005,180,,4580,,,,,,,,,,,,,,,,,,,,,,,,,
straight,,,40,249750,45877.092,1519,GL23 Roof Starter,Floor:RC SLAB_1200 THK:3021005,180,,4580,,,,,,,,,,,,,,,,,,,,,,,,,
straight,,,40,249750,45737.764,1519,GL23 Roof Starter,Floor:RC SLAB_1200 THK:3021005,180,,4580,,,,,,,,,,,,,,,,,,,,,,,,,
straight,,,40,249750,45598.567,1519,GL23 Roof Starter,Floor:RC SLAB_1200 THK:3021005,180,,4580,,,,,,,,,,,,,,,,,,,,,,,,,
straight,,,40,249750,45460.79,1519,GL23 Roof Starter,Floor:RC SLAB_1200 THK:3021005,180,,4580,,,,,,,,,,,,,,,,,,,,,,,,,
straight,,,40,249750,45314.963,1519,GL23 Roof Starter,Floor:RC SLAB_1200 THK:3021005,180,,4580,,,,,,,,,,,,,,,,,,,,,,,,,
straight,,,40,249750,45173.702,1519,GL23 Roof Starter,Floor:RC SLAB_1200 THK:3021005,180,,4580,,,,,,,,,,,,,,,,,,,,,,,,,
straight,,,40,249750,48121.605,1439,GL23 Roof Starter,Floor:RC SLAB_1200 THK:3021005,180,,1850,,,,,,,,,,,,,,,,,,,,,,,,,
straight,,,40,249750,47982.486,1439,GL23 Roof Starter,Floor:RC SLAB_1200 THK:3021005,180,,1850,,,,,,,,,,,,,,,,,,,,,,,,,
straight,,,40,249750,47828.159,1439,GL23 Roof Starter,Floor:RC SLAB_1200 THK:3021005,180,,1850,,,,,,,,,,,,,,,,,,,,,,,,,
straight,,,40,249750,47703.035,1439,GL23 Roof Starter,Floor:RC SLAB_1200 THK:3021005,180,,1850,,,,,,,,,,,,,,,,,,,,,,,,,
straight,,,40,249750,47543.533,1439,GL23 Roof Starter,Floor:RC SLAB_1200 THK:3021005,180,,1850,,,,,,,,,,,,,,,,,,,,,,,,,
straight,,,40,249750,47411.227,1439,GL23 Roof Starter,Floor:RC SLAB_1200 THK:3021005,180,,1850,,,,,,,,,,,,,,,,,,,,,,,,,
straight,,,40,249750,47291.763,1439,GL23 Roof Starter,Floor:RC SLAB_1200 THK:3021005,180,,1850,,,,,,,,,,,,,,,,,,,,,,,,,
straight,,,40,249750,47129.724,1439,GL23 Roof Starter,Floor:RC SLAB_1200 THK:3021005,180,,1850,,,,,,,,,,,,,,,,,,,,,,,,,
straight,,,40,249750,46973.672,1439,GL23 Roof Starter,Floor:RC SLAB_1200 THK:3021005,180,,1850,,,,,,,,,,,,,,,,,,,,,,,,,
straight,,,40,249750,46295.551,1439,GL23 Roof Starter,Floor:RC SLAB_1200 THK:3021005,180,,1850,,,,,,,,,,,,,,,,,,,,,,,,,
straight,,,40,249750,46157.736,1439,GL23 Roof Starter,Floor:RC SLAB_1200 THK:3021005,180,,1850,,,,,,,,,,,,,,,,,,,,,,,,,
straight,,,40,249750,46021.585,1439,GL23 Roof Starter,Floor:RC SLAB_1200 THK:3021005,180,,1850,,,,,,,,,,,,,,,,,,,,,,,,,
straight,,,40,249750,45877.092,1439,GL23 Roof Starter,Floor:RC SLAB_1200 THK:3021005,180,,1850,,,,,,,,,,,,,,,,,,,,,,,,,
straight,,,40,249750,45737.764,1439,GL23 Roof Starter,Floor:RC SLAB_1200 THK:3021005,180,,1850,,,,,,,,,,,,,,,,,,,,,,,,,
straight,,,40,249750,45598.567,1439,GL23 Roof Starter,Floor:RC SLAB_1200 THK:3021005,180,,1850,,,,,,,,,,,,,,,,,,,,,,,,,
straight,,,40,249750,45460.79,1439,GL23 Roof Starter,Floor:RC SLAB_1200 THK:3021005,180,,1850,,,,,,,,,,,,,,,,,,,,,,,,,
straight,,,40,249750,45314.963,1439,GL23 Roof Starter,Floor:RC SLAB_1200 THK:3021005,180,,1850,,,,,,,,,,,,,,,,,,,,,,,,,
straight,,,40,249750,45173.702,1439,GL23 Roof Starter,Floor:RC SLAB_1200 THK:3021005,180,,1850,,,,,,,,,,,,,,,,,,,,,,,,,
straight,,,40,249750,48121.605,1359,GL23 Roof Starter,Floor:RC SLAB_1200 THK:3021005,180,,1850,,,,,,,,,,,,,,,,,,,,,,,,,
straight,,,40,249750,47982.486,1359,GL23 Roof Starter,Floor:RC SLAB_1200 THK:3021005,180,,1850,,,,,,,,,,,,,,,,,,,,,,,,,
straight,,,40,249750,47828.159,1359,GL23 Roof Starter,Floor:RC SLAB_1200 THK:3021005,180,,1850,,,,,,,,,,,,,,,,,,,,,,,,,
straight,,,40,249750,47703.035,1359,GL23 Roof Starter,Floor:RC SLAB_1200 THK:3021005,180,,1850,,,,,,,,,,,,,,,,,,,,,,,,,
straight,,,40,249750,47543.533,1359,GL23 Roof Starter,Floor:RC SLAB_1200 THK:3021005,180,,1850,,,,,,,,,,,,,,,,,,,,,,,,,
straight,,,40,249750,47411.227,1359,GL23 Roof Starter,Floor:RC SLAB_1200 THK:3021005,180,,1850,,,,,,,,,,,,,,,,,,,,,,,,,
straight,,,40,249750,47291.763,1359,GL23 Roof Starter,Floor:RC SLAB_1200 THK:3021005,180,,1850,,,,,,,,,,,,,,,,,,,,,,,,,
straight,,,40,249750,47129.724,1359,GL23 Roof Starter,Floor:RC SLAB_1200 THK:3021005,180,,1850,,,,,,,,,,,,,,,,,,,,,,,,,
straight,,,40,249750,46973.672,1359,GL23 Roof Starter,Floor:RC SLAB_1200 THK:3021005,180,,1850,,,,,,,,,,,,,,,,,,,,,,,,,
straight,,,40,249750,46295.551,1359,GL23 Roof Starter,Floor:RC SLAB_1200 THK:3021005,180,,1850,,,,,,,,,,,,,,,,,,,,,,,,,
straight,,,40,249750,46157.736,1359,GL23 Roof Starter,Floor:RC SLAB_1200 THK:3021005,180,,1850,,,,,,,,,,,,,,,,,,,,,,,,,
straight,,,40,249750,46021.585,1359,GL23 Roof Starter,Floor:RC SLAB_1200 THK:3021005,180,,1850,,,,,,,,,,,,,,,,,,,,,,,,,
straight,,,40,249750,45877.092,1359,GL23 Roof Starter,Floor:RC SLAB_1200 THK:3021005,180,,1850,,,,,,,,,,,,,,,,,,,,,,,,,
straight,,,40,249750,45737.764,1359,GL23 Roof Starter,Floor:RC SLAB_1200 THK:3021005,180,,1850,,,,,,,,,,,,,,,,,,,,,,,,,
straight,,,40,249750,45598.567,1359,GL23 Roof Starter,Floor:RC SLAB_1200 THK:3021005,180,,1850,,,,,,,,,,,,,,,,,,,,,,,,,
straight,,,40,249750,45460.79,1359,GL23 Roof Starter,Floor:RC SLAB_1200 THK:3021005,180,,1850,,,,,,,,,,,,,,,,,,,,,,,,,
straight,,,40,249750,45314.963,1359,GL23 Roof Starter,Floor:RC SLAB_1200 THK:3021005,180,,1850,,,,,,,,,,,,,,,,,,,,,,,,,
straight,,,40,249750,45173.702,1359,GL23 Roof Starter,Floor:RC SLAB_1200 THK:3021005,180,,1850,,,,,,,,,,,,,,,,,,,,,,,,,
straight,,,25,249750,48121.605,736,GL23 Roof Starter,Floor:RC SLAB_1200 THK:3021005,180,,2880,,,,,,,,,,,,,,,,,,,,,,,,,
straight,,,25,249750,47982.486,736,GL23 Roof Starter,Floor:RC SLAB_1200 THK:3021005,180,,2880,,,,,,,,,,,,,,,,,,,,,,,,,
straight,,,25,249750,47828.159,736,GL23 Roof Starter,Floor:RC SLAB_1200 THK:3021005,180,,2880,,,,,,,,,,,,,,,,,,,,,,,,,
straight,,,25,249750,47703.035,736,GL23 Roof Starter,Floor:RC SLAB_1200 THK:3021005,180,,2880,,,,,,,,,,,,,,,,,,,,,,,,,
straight,,,25,249750,47543.533,736,GL23 Roof Starter,Floor:RC SLAB_1200 THK:3021005,180,,2880,,,,,,,,,,,,,,,,,,,,,,,,,
straight,,,25,249750,47411.227,736,GL23 Roof Starter,Floor:RC SLAB_1200 THK:3021005,180,,2880,,,,,,,,,,,,,,,,,,,,,,,,,
straight,,,25,249750,47291.763,736,GL23 Roof Starter,Floor:RC SLAB_1200 THK:3021005,180,,2880,,,,,,,,,,,,,,,,,,,,,,,,,
straight,,,25,249750,47129.724,736,GL23 Roof Starter,Floor:RC SLAB_1200 THK:3021005,180,,2880,,,,,,,,,,,,,,,,,,,,,,,,,
straight,,,25,249750,46973.672,736,GL23 Roof Starter,Floor:RC SLAB_1200 THK:3021005,180,,2880,,,,,,,,,,,,,,,,,,,,,,,,,
straight,,,25,249750,46295.551,736,GL23 Roof Starter,Floor:RC SLAB_1200 THK:3021005,180,,2880,,,,,,,,,,,,,,,,,,,,,,,,,
straight,,,25,249750,46157.736,736,GL23 Roof Starter,Floor:RC SLAB_1200 THK:3021005,180,,2880,,,,,,,,,,,,,,,,,,,,,,,,,
straight,,,25,249750,46021.585,736,GL23 Roof Starter,Floor:RC SLAB_1200 THK:3021005,180,,2880,,,,,,,,,,,,,,,,,,,,,,,,,
straight,,,25,249750,45877.092,736,GL23 Roof Starter,Floor:RC SLAB_1200 THK:3021005,180,,2880,,,,,,,,,,,,,,,,,,,,,,,,,
straight,,,25,249750,45737.764,736,GL23 Roof Starter,Floor:RC SLAB_1200 THK:3021005,180,,2880,,,,,,,,,,,,,,,,,,,,,,,,,
straight,,,25,249750,45598.567,736,GL23 Roof Starter,Floor:RC SLAB_1200 THK:3021005,180,,2880,,,,,,,,,,,,,,,,,,,,,,,,,
straight,,,25,249750,45460.79,736,GL23 Roof Starter,Floor:RC SLAB_1200 THK:3021005,180,,2880,,,,,,,,,,,,,,,,,,,,,,,,,
straight,,,25,249750,45314.963,736,GL23 Roof Starter,Floor:RC SLAB_1200 THK:3021005,180,,2880,,,,,,,,,,,,,,,,,,,,,,,,,
straight,,,25,249750,45173.702,736,GL23 Roof Starter,Floor:RC SLAB_1200 THK:3021005,180,,2880,,,,,,,,,,,,,,,,,,,,,,,,,
straight,,,25,249750,48121.605,656,GL23 Roof Starter,Floor:RC SLAB_1200 THK:3021005,180,,2880,,,,,,,,,,,,,,,,,,,,,,,,,
straight,,,25,249750,47982.486,656,GL23 Roof Starter,Floor:RC SLAB_1200 THK:3021005,180,,2880,,,,,,,,,,,,,,,,,,,,,,,,,
straight,,,25,249750,47828.159,656,GL23 Roof Starter,Floor:RC SLAB_1200 THK:3021005,180,,2880,,,,,,,,,,,,,,,,,,,,,,,,,
straight,,,25,249750,47703.035,656,GL23 Roof Starter,Floor:RC SLAB_1200 THK:3021005,180,,2880,,,,,,,,,,,,,,,,,,,,,,,,,
straight,,,25,249750,47543.533,656,GL23 Roof Starter,Floor:RC SLAB_1200 THK:3021005,180,,2880,,,,,,,,,,,,,,,,,,,,,,,,,
straight,,,25,249750,47411.227,656,GL23 Roof Starter,Floor:RC SLAB_1200 THK:3021005,180,,2880,,,,,,,,,,,,,,,,,,,,,,,,,
straight,,,25,249750,47291.763,656,GL23 Roof Starter,Floor:RC SLAB_1200 THK:3021005,180,,2880,,,,,,,,,,,,,,,,,,,,,,,,,
straight,,,25,249750,47129.724,656,GL23 Roof Starter,Floor:RC SLAB_1200 THK:3021005,180,,2880,,,,,,,,,,,,,,,,,,,,,,,,,
straight,,,25,249750,46973.672,656,GL23 Roof Starter,Floor:RC SLAB_1200 THK:3021005,180,,2880,,,,,,,,,,,,,,,,,,,,,,,,,
straight,,,25,249750,46295.551,656,GL23 Roof Starter,Floor:RC SLAB_1200 THK:3021005,180,,2880,,,,,,,,,,,,,,,,,,,,,,,,,
straight,,,25,249750,46157.736,656,GL23 Roof Starter,Floor:RC SLAB_1200 THK:3021005,180,,2880,,,,,,,,,,,,,,,,,,,,,,,,,
straight,,,25,249750,46021.585,656,GL23 Roof Starter,Floor:RC SLAB_1200 THK:3021005,180,,2880,,,,,,,,,,,,,,,,,,,,,,,,,
straight,,,25,249750,45877.092,656,GL23 Roof Starter,Floor:RC SLAB_1200 THK:3021005,180,,2880,,,,,,,,,,,,,,,,,,,,,,,,,
straight,,,25,249750,45737.764,656,GL23 Roof Starter,Floor:RC SLAB_1200 THK:3021005,180,,2880,,,,,,,,,,,,,,,,,,,,,,,,,
straight,,,25,249750,45598.567,656,GL23 Roof Starter,Floor:RC SLAB_1200 THK:3021005,180,,2880,,,,,,,,,,,,,,,,,,,,,,,,,
straight,,,25,249750,45460.79,656,GL23 Roof Starter,Floor:RC SLAB_1200 THK:3021005,180,,2880,,,,,,,,,,,,,,,,,,,,,,,,,
straight,,,25,249750,45314.963,656,GL23 Roof Starter,Floor:RC SLAB_1200 THK:3021005,180,,2880,,,,,,,,,,,,,,,,,,,,,,,,,
straight,,,25,249750,45173.702,656,GL23 Roof Starter,Floor:RC SLAB_1200 THK:3021005,180,,2880,,,,,,,,,,,,,,,,,,,,,,,,,
