Rebar_tag,Bar_mark,Rebar_Type,Shape_Code,Dia,Pos_x,Pos_y,Pos_z,Group,Pos_Rotation,Plane,Length of Bar,H,bent_up_down,Long_length,Crank_step,Length of Lap,bond_condition,DC_Lap_Start,DC_Lap_Mid,DC_Tail_Length,c_length_a,c_length_b,length,double_hook,qty_x,spacing_x,qty_y,spacing_y,qty_z,spacing_z,offset_x,offset_y,offset_z,plan_rotation,feature,qty,Total Length,Weight_kg,Visible
1,SM1,straight,,20,0.0,-577.47,1050.0,ST1,30.0,XZ,3710.2,,,,,,good,,,,,,,,1,0,9,150,,,0.0,-600.0,,,EXT tick=0.0 TXT=1200.0 n=1x9 zsrc=auto-stairBot,1,,,1
2,SM2,straight,,20,0.0,101.21,1250.0,ST1,30.0,XZ,3710.2,,,,,,poor,,,,,,,,1,0,9,150,,,0.0,-600.0,,,EXT tick=0.0 TXT=1200.0 n=1x9 zsrc=auto-topL1,1,,,1
3,SR1-1,bent,,12,267.76,-1154.94,1454.6,ST1,180.0,XZ,267.8,154.6,up,,,,poor,,,,,,,,1,0,14,150,,,0.0,9.6,,,EXT tick=0.0 TXT=0.0 n=1x1 zsrc=riser,1,,,1
4,SR1-1-S,straight,,12,0.0,-1154.94,1454.6,ST1,0.0,YZ,1969.3,,,,,,poor,,,,,,,,1,0,1,0,,,0.0,0.0,,,EXT tick=0.0 TXT=0.0 n=1x1 zsrc=riser,1,,,1
5,SR1-2,bent,,12,535.52,-1154.94,1609.2,ST1,180.0,XZ,267.8,154.6,up,,,,poor,,,,,,,,1,0,14,150,,,0.0,9.6,,,EXT tick=0.0 TXT=0.0 n=1x1 zsrc=riser,1,,,1
6,SR1-2-S,straight,,12,267.76,-1154.94,1609.2,ST1,0.0,YZ,1969.3,,,,,,poor,,,,,,,,1,0,1,0,,,0.0,0.0,,,EXT tick=0.0 TXT=0.0 n=1x1 zsrc=riser,1,,,1
7,SR1-3,bent,,12,803.28,-1154.94,1763.8,ST1,180.0,XZ,267.8,154.6,up,,,,poor,,,,,,,,1,0,14,150,,,0.0,9.6,,,EXT tick=0.0 TXT=0.0 n=1x1 zsrc=riser,1,,,1
8,SR1-3-S,straight,,12,535.52,-1154.94,1763.8,ST1,0.0,YZ,1969.3,,,,,,poor,,,,,,,,1,0,1,0,,,0.0,0.0,,,EXT tick=0.0 TXT=0.0 n=1x1 zsrc=riser,1,,,1
9,SR1-4,bent,,12,1071.03,-1154.94,1918.4,ST1,180.0,XZ,267.8,154.6,up,,,,poor,,,,,,,,1,0,14,150,,,0.0,9.6,,,EXT tick=0.0 TXT=0.0 n=1x1 zsrc=riser,1,,,1
10,SR1-4-S,straight,,12,803.28,-1154.94,1918.4,ST1,0.0,YZ,1969.3,,,,,,poor,,,,,,,,1,0,1,0,,,0.0,0.0,,,EXT tick=0.0 TXT=0.0 n=1x1 zsrc=riser,1,,,1
11,SR1-5,bent,,12,1338.79,-1154.94,2073.0,ST1,180.0,XZ,267.8,154.6,up,,,,poor,,,,,,,,1,0,14,150,,,0.0,9.6,,,EXT tick=0.0 TXT=0.0 n=1x1 zsrc=riser,1,,,1
12,SR1-5-S,straight,,12,1071.03,-1154.94,2073.0,ST1,0.0,YZ,1969.3,,,,,,poor,,,,,,,,1,0,1,0,,,0.0,0.0,,,EXT tick=0.0 TXT=0.0 n=1x1 zsrc=riser,1,,,1
13,SR1-6,bent,,12,1606.55,-1154.94,2227.5,ST1,180.0,XZ,267.8,154.6,up,,,,poor,,,,,,,,1,0,14,150,,,0.0,9.6,,,EXT tick=0.0 TXT=0.0 n=1x1 zsrc=riser,1,,,1
14,SR1-6-S,straight,,12,1338.79,-1154.94,2227.5,ST1,0.0,YZ,1969.3,,,,,,poor,,,,,,,,1,0,1,0,,,0.0,0.0,,,EXT tick=0.0 TXT=0.0 n=1x1 zsrc=riser,1,,,1
15,SR1-7,bent,,12,1874.31,-1154.94,2382.1,ST1,180.0,XZ,267.8,154.6,up,,,,poor,,,,,,,,1,0,14,150,,,0.0,9.6,,,EXT tick=0.0 TXT=0.0 n=1x1 zsrc=riser,1,,,1
16,SR1-7-S,straight,,12,1606.55,-1154.94,2382.1,ST1,0.0,YZ,1969.3,,,,,,poor,,,,,,,,1,0,1,0,,,0.0,0.0,,,EXT tick=0.0 TXT=0.0 n=1x1 zsrc=riser,1,,,1
17,SR1-8,bent,,12,2142.07,-1154.94,2536.7,ST1,180.0,XZ,267.8,154.6,up,,,,poor,,,,,,,,1,0,14,150,,,0.0,9.6,,,EXT tick=0.0 TXT=0.0 n=1x1 zsrc=riser,1,,,1
18,SR1-8-S,straight,,12,1874.31,-1154.94,2536.7,ST1,0.0,YZ,1969.3,,,,,,poor,,,,,,,,1,0,1,0,,,0.0,0.0,,,EXT tick=0.0 TXT=0.0 n=1x1 zsrc=riser,1,,,1
19,SR1-9,bent,,12,2409.82,-1154.94,2691.3,ST1,180.0,XZ,267.8,154.6,up,,,,poor,,,,,,,,1,0,14,150,,,0.0,9.6,,,EXT tick=0.0 TXT=0.0 n=1x1 zsrc=riser,1,,,1
20,SR1-9-S,straight,,12,2142.07,-1154.94,2691.3,ST1,0.0,YZ,1969.3,,,,,,poor,,,,,,,,1,0,1,0,,,0.0,0.0,,,EXT tick=0.0 TXT=0.0 n=1x1 zsrc=riser,1,,,1
21,SR1-10,bent,,12,2677.58,-1154.94,2845.9,ST1,180.0,XZ,267.8,154.6,up,,,,poor,,,,,,,,1,0,14,150,,,0.0,9.6,,,EXT tick=0.0 TXT=0.0 n=1x1 zsrc=riser,1,,,1
22,SR1-10-S,straight,,12,2409.82,-1154.94,2845.9,ST1,0.0,YZ,1969.3,,,,,,poor,,,,,,,,1,0,1,0,,,0.0,0.0,,,EXT tick=0.0 TXT=0.0 n=1x1 zsrc=riser,1,,,1
23,SR1-11,bent,,12,2945.34,-1154.94,3000.5,ST1,180.0,XZ,267.8,154.6,up,,,,poor,,,,,,,,1,0,14,150,,,0.0,9.6,,,EXT tick=0.0 TXT=0.0 n=1x1 zsrc=riser,1,,,1
24,SR1-11-S,straight,,12,2677.58,-1154.94,3000.5,ST1,0.0,YZ,1969.3,,,,,,poor,,,,,,,,1,0,1,0,,,0.0,0.0,,,EXT tick=0.0 TXT=0.0 n=1x1 zsrc=riser,1,,,1
25,SR1-12,bent,,12,3213.1,-1154.94,3155.1,ST1,180.0,XZ,267.8,154.6,up,,,,poor,,,,,,,,1,0,14,150,,,0.0,9.6,,,EXT tick=0.0 TXT=0.0 n=1x1 zsrc=riser,1,,,1
26,SR1-12-S,straight,,12,2945.34,-1154.94,3155.1,ST1,0.0,YZ,1969.3,,,,,,poor,,,,,,,,1,0,1,0,,,0.0,0.0,,,EXT tick=0.0 TXT=0.0 n=1x1 zsrc=riser,1,,,1
27,SD1-1,straight,,12,0.0,-1108.94,1091.0,ST1,0.0,YZ,1877.3,,,,,,good,,,,,,,,1,0,1,0,,,0.0,0.0,,,EXT tick=0.0 TXT=0.0 n=1x1 zsrc=sdist,1,,,1
28,SD1-2,straight,,12,129.9,-1108.94,1166.0,ST1,0.0,YZ,1877.3,,,,,,good,,,,,,,,1,0,1,0,,,0.0,0.0,,,EXT tick=0.0 TXT=0.0 n=1x1 zsrc=sdist,1,,,1
29,SD1-3,straight,,12,259.81,-1108.94,1241.0,ST1,0.0,YZ,1877.3,,,,,,good,,,,,,,,1,0,1,0,,,0.0,0.0,,,EXT tick=0.0 TXT=0.0 n=1x1 zsrc=sdist,1,,,1
30,SD1-4,straight,,12,389.71,-1108.94,1316.0,ST1,0.0,YZ,1877.3,,,,,,good,,,,,,,,1,0,1,0,,,0.0,0.0,,,EXT tick=0.0 TXT=0.0 n=1x1 zsrc=sdist,1,,,1
31,SD1-5,straight,,12,519.62,-1108.94,1391.0,ST1,0.0,YZ,1877.3,,,,,,good,,,,,,,,1,0,1,0,,,0.0,0.0,,,EXT tick=0.0 TXT=0.0 n=1x1 zsrc=sdist,1,,,1
32,SD1-6,straight,,12,649.52,-1108.94,1466.0,ST1,0.0,YZ,1877.3,,,,,,good,,,,,,,,1,0,1,0,,,0.0,0.0,,,EXT tick=0.0 TXT=0.0 n=1x1 zsrc=sdist,1,,,1
33,SD1-7,straight,,12,779.42,-1108.94,1541.0,ST1,0.0,YZ,1877.3,,,,,,good,,,,,,,,1,0,1,0,,,0.0,0.0,,,EXT tick=0.0 TXT=0.0 n=1x1 zsrc=sdist,1,,,1
34,SD1-8,straight,,12,909.33,-1108.94,1616.0,ST1,0.0,YZ,1877.3,,,,,,good,,,,,,,,1,0,1,0,,,0.0,0.0,,,EXT tick=0.0 TXT=0.0 n=1x1 zsrc=sdist,1,,,1
35,SD1-9,straight,,12,1039.23,-1108.94,1691.0,ST1,0.0,YZ,1877.3,,,,,,good,,,,,,,,1,0,1,0,,,0.0,0.0,,,EXT tick=0.0 TXT=0.0 n=1x1 zsrc=sdist,1,,,1
36,SD1-10,straight,,12,1169.13,-1108.94,1766.0,ST1,0.0,YZ,1877.3,,,,,,good,,,,,,,,1,0,1,0,,,0.0,0.0,,,EXT tick=0.0 TXT=0.0 n=1x1 zsrc=sdist,1,,,1
37,SD1-11,straight,,12,1299.04,-1108.94,1841.0,ST1,0.0,YZ,1877.3,,,,,,good,,,,,,,,1,0,1,0,,,0.0,0.0,,,EXT tick=0.0 TXT=0.0 n=1x1 zsrc=sdist,1,,,1
38,SD1-12,straight,,12,1428.94,-1108.94,1916.0,ST1,0.0,YZ,1877.3,,,,,,good,,,,,,,,1,0,1,0,,,0.0,0.0,,,EXT tick=0.0 TXT=0.0 n=1x1 zsrc=sdist,1,,,1
39,SD1-13,straight,,12,1558.85,-1108.94,1991.0,ST1,0.0,YZ,1877.3,,,,,,good,,,,,,,,1,0,1,0,,,0.0,0.0,,,EXT tick=0.0 TXT=0.0 n=1x1 zsrc=sdist,1,,,1
40,SD1-14,straight,,12,1688.75,-1108.94,2066.0,ST1,0.0,YZ,1877.3,,,,,,good,,,,,,,,1,0,1,0,,,0.0,0.0,,,EXT tick=0.0 TXT=0.0 n=1x1 zsrc=sdist,1,,,1
41,SD1-15,straight,,12,1818.65,-1108.94,2141.0,ST1,0.0,YZ,1877.3,,,,,,good,,,,,,,,1,0,1,0,,,0.0,0.0,,,EXT tick=0.0 TXT=0.0 n=1x1 zsrc=sdist,1,,,1
42,SD1-16,straight,,12,1948.56,-1108.94,2216.0,ST1,0.0,YZ,1877.3,,,,,,good,,,,,,,,1,0,1,0,,,0.0,0.0,,,EXT tick=0.0 TXT=0.0 n=1x1 zsrc=sdist,1,,,1
43,SD1-17,straight,,12,2078.46,-1108.94,2291.0,ST1,0.0,YZ,1877.3,,,,,,good,,,,,,,,1,0,1,0,,,0.0,0.0,,,EXT tick=0.0 TXT=0.0 n=1x1 zsrc=sdist,1,,,1
44,SD1-18,straight,,12,2208.36,-1108.94,2366.0,ST1,0.0,YZ,1877.3,,,,,,good,,,,,,,,1,0,1,0,,,0.0,0.0,,,EXT tick=0.0 TXT=0.0 n=1x1 zsrc=sdist,1,,,1
45,SD1-19,straight,,12,2338.27,-1108.94,2441.0,ST1,0.0,YZ,1877.3,,,,,,good,,,,,,,,1,0,1,0,,,0.0,0.0,,,EXT tick=0.0 TXT=0.0 n=1x1 zsrc=sdist,1,,,1
46,SD1-20,straight,,12,2468.17,-1108.94,2516.0,ST1,0.0,YZ,1877.3,,,,,,good,,,,,,,,1,0,1,0,,,0.0,0.0,,,EXT tick=0.0 TXT=0.0 n=1x1 zsrc=sdist,1,,,1
47,SD1-21,straight,,12,2598.08,-1108.94,2591.0,ST1,0.0,YZ,1877.3,,,,,,good,,,,,,,,1,0,1,0,,,0.0,0.0,,,EXT tick=0.0 TXT=0.0 n=1x1 zsrc=sdist,1,,,1
48,SD1-22,straight,,12,2727.98,-1108.94,2666.0,ST1,0.0,YZ,1877.3,,,,,,good,,,,,,,,1,0,1,0,,,0.0,0.0,,,EXT tick=0.0 TXT=0.0 n=1x1 zsrc=sdist,1,,,1
49,SD1-23,straight,,12,2857.88,-1108.94,2741.0,ST1,0.0,YZ,1877.3,,,,,,good,,,,,,,,1,0,1,0,,,0.0,0.0,,,EXT tick=0.0 TXT=0.0 n=1x1 zsrc=sdist,1,,,1
50,SD1-24,straight,,12,2987.79,-1108.94,2816.0,ST1,0.0,YZ,1877.3,,,,,,good,,,,,,,,1,0,1,0,,,0.0,0.0,,,EXT tick=0.0 TXT=0.0 n=1x1 zsrc=sdist,1,,,1
51,SD1-25,straight,,12,3117.69,-1108.94,2891.0,ST1,0.0,YZ,1877.3,,,,,,good,,,,,,,,1,0,1,0,,,0.0,0.0,,,EXT tick=0.0 TXT=0.0 n=1x1 zsrc=sdist,1,,,1
52,SD2-1,straight,,12,0.0,-1108.94,1209.0,ST1,0.0,YZ,1877.3,,,,,,poor,,,,,,,,1,0,1,0,,,0.0,0.0,,,EXT tick=0.0 TXT=0.0 n=1x1 zsrc=sdist,1,,,1
53,SD2-2,straight,,12,129.9,-1108.94,1284.0,ST1,0.0,YZ,1877.3,,,,,,poor,,,,,,,,1,0,1,0,,,0.0,0.0,,,EXT tick=0.0 TXT=0.0 n=1x1 zsrc=sdist,1,,,1
54,SD2-3,straight,,12,259.81,-1108.94,1359.0,ST1,0.0,YZ,1877.3,,,,,,poor,,,,,,,,1,0,1,0,,,0.0,0.0,,,EXT tick=0.0 TXT=0.0 n=1x1 zsrc=sdist,1,,,1
55,SD2-4,straight,,12,389.71,-1108.94,1434.0,ST1,0.0,YZ,1877.3,,,,,,poor,,,,,,,,1,0,1,0,,,0.0,0.0,,,EXT tick=0.0 TXT=0.0 n=1x1 zsrc=sdist,1,,,1
56,SD2-5,straight,,12,519.62,-1108.94,1509.0,ST1,0.0,YZ,1877.3,,,,,,poor,,,,,,,,1,0,1,0,,,0.0,0.0,,,EXT tick=0.0 TXT=0.0 n=1x1 zsrc=sdist,1,,,1
57,SD2-6,straight,,12,649.52,-1108.94,1584.0,ST1,0.0,YZ,1877.3,,,,,,poor,,,,,,,,1,0,1,0,,,0.0,0.0,,,EXT tick=0.0 TXT=0.0 n=1x1 zsrc=sdist,1,,,1
58,SD2-7,straight,,12,779.42,-1108.94,1659.0,ST1,0.0,YZ,1877.3,,,,,,poor,,,,,,,,1,0,1,0,,,0.0,0.0,,,EXT tick=0.0 TXT=0.0 n=1x1 zsrc=sdist,1,,,1
59,SD2-8,straight,,12,909.33,-1108.94,1734.0,ST1,0.0,YZ,1877.3,,,,,,poor,,,,,,,,1,0,1,0,,,0.0,0.0,,,EXT tick=0.0 TXT=0.0 n=1x1 zsrc=sdist,1,,,1
60,SD2-9,straight,,12,1039.23,-1108.94,1809.0,ST1,0.0,YZ,1877.3,,,,,,poor,,,,,,,,1,0,1,0,,,0.0,0.0,,,EXT tick=0.0 TXT=0.0 n=1x1 zsrc=sdist,1,,,1
61,SD2-10,straight,,12,1169.13,-1108.94,1884.0,ST1,0.0,YZ,1877.3,,,,,,poor,,,,,,,,1,0,1,0,,,0.0,0.0,,,EXT tick=0.0 TXT=0.0 n=1x1 zsrc=sdist,1,,,1
62,SD2-11,straight,,12,1299.04,-1108.94,1959.0,ST1,0.0,YZ,1877.3,,,,,,poor,,,,,,,,1,0,1,0,,,0.0,0.0,,,EXT tick=0.0 TXT=0.0 n=1x1 zsrc=sdist,1,,,1
63,SD2-12,straight,,12,1428.94,-1108.94,2034.0,ST1,0.0,YZ,1877.3,,,,,,poor,,,,,,,,1,0,1,0,,,0.0,0.0,,,EXT tick=0.0 TXT=0.0 n=1x1 zsrc=sdist,1,,,1
64,SD2-13,straight,,12,1558.85,-1108.94,2109.0,ST1,0.0,YZ,1877.3,,,,,,poor,,,,,,,,1,0,1,0,,,0.0,0.0,,,EXT tick=0.0 TXT=0.0 n=1x1 zsrc=sdist,1,,,1
65,SD2-14,straight,,12,1688.75,-1108.94,2184.0,ST1,0.0,YZ,1877.3,,,,,,poor,,,,,,,,1,0,1,0,,,0.0,0.0,,,EXT tick=0.0 TXT=0.0 n=1x1 zsrc=sdist,1,,,1
66,SD2-15,straight,,12,1818.65,-1108.94,2259.0,ST1,0.0,YZ,1877.3,,,,,,poor,,,,,,,,1,0,1,0,,,0.0,0.0,,,EXT tick=0.0 TXT=0.0 n=1x1 zsrc=sdist,1,,,1
67,SD2-16,straight,,12,1948.56,-1108.94,2334.0,ST1,0.0,YZ,1877.3,,,,,,poor,,,,,,,,1,0,1,0,,,0.0,0.0,,,EXT tick=0.0 TXT=0.0 n=1x1 zsrc=sdist,1,,,1
68,SD2-17,straight,,12,2078.46,-1108.94,2409.0,ST1,0.0,YZ,1877.3,,,,,,poor,,,,,,,,1,0,1,0,,,0.0,0.0,,,EXT tick=0.0 TXT=0.0 n=1x1 zsrc=sdist,1,,,1
69,SD2-18,straight,,12,2208.36,-1108.94,2484.0,ST1,0.0,YZ,1877.3,,,,,,poor,,,,,,,,1,0,1,0,,,0.0,0.0,,,EXT tick=0.0 TXT=0.0 n=1x1 zsrc=sdist,1,,,1
70,SD2-19,straight,,12,2338.27,-1108.94,2559.0,ST1,0.0,YZ,1877.3,,,,,,poor,,,,,,,,1,0,1,0,,,0.0,0.0,,,EXT tick=0.0 TXT=0.0 n=1x1 zsrc=sdist,1,,,1
71,SD2-20,straight,,12,2468.17,-1108.94,2634.0,ST1,0.0,YZ,1877.3,,,,,,poor,,,,,,,,1,0,1,0,,,0.0,0.0,,,EXT tick=0.0 TXT=0.0 n=1x1 zsrc=sdist,1,,,1
72,SD2-21,straight,,12,2598.08,-1108.94,2709.0,ST1,0.0,YZ,1877.3,,,,,,poor,,,,,,,,1,0,1,0,,,0.0,0.0,,,EXT tick=0.0 TXT=0.0 n=1x1 zsrc=sdist,1,,,1
73,SD2-22,straight,,12,2727.98,-1108.94,2784.0,ST1,0.0,YZ,1877.3,,,,,,poor,,,,,,,,1,0,1,0,,,0.0,0.0,,,EXT tick=0.0 TXT=0.0 n=1x1 zsrc=sdist,1,,,1
74,SD2-23,straight,,12,2857.88,-1108.94,2859.0,ST1,0.0,YZ,1877.3,,,,,,poor,,,,,,,,1,0,1,0,,,0.0,0.0,,,EXT tick=0.0 TXT=0.0 n=1x1 zsrc=sdist,1,,,1
75,SD2-24,straight,,12,2987.79,-1108.94,2934.0,ST1,0.0,YZ,1877.3,,,,,,poor,,,,,,,,1,0,1,0,,,0.0,0.0,,,EXT tick=0.0 TXT=0.0 n=1x1 zsrc=sdist,1,,,1
76,SD2-25,straight,,12,3117.69,-1108.94,3009.0,ST1,0.0,YZ,1877.3,,,,,,poor,,,,,,,,1,0,1,0,,,0.0,0.0,,,EXT tick=0.0 TXT=0.0 n=1x1 zsrc=sdist,1,,,1
